TradeDate,Close_spot,Close_fut,EMA_5,EMA_15,ema_signal,delta_CE,delta_PE,gamma,vega,theta,rho,IV_avg,IV_spread,PCR_OI,PCR_VOLUME,fut_basis_pct,spot_return,fut_return,delta_neutral_ratio,gamma_exposure
2025-01-14,23176.05,,23176.05,23176.05,-1,,,,,,,10.676666666666666,-2.126666666666667,0.19274312267852747,0.21706283619154418,,,,,
2025-01-15,23213.2,,23188.433333333334,23180.693750000002,1,,,,,,,10.676666666666666,-2.126666666666667,0.19274312267852747,0.21706283619154418,,0.0016029478707546563,,,
2025-01-16,23311.8,,23229.55555555556,23197.08203125,1,,,,,,,10.676666666666666,-2.126666666666667,0.19274312267852747,0.21706283619154418,,0.004247583271586697,,,
2025-01-17,23203.2,,23220.770370370374,23197.84677734375,1,,,,,,,10.676666666666666,-2.126666666666667,0.19274312267852747,0.21706283619154418,,-0.0046585849226571385,,,
2025-01-20,23344.75,,23262.09691358025,23216.209680175783,1,,,,,,,10.676666666666666,-2.126666666666667,0.19274312267852747,0.21706283619154418,,0.006100451661839701,,,
2025-01-21,23024.65,,23182.947942386836,23192.26472015381,-1,,,,,,,10.676666666666666,-2.126666666666667,0.19274312267852747,0.21706283619154418,,-0.013711862410177855,,,
2025-01-22,23155.35,,23173.74862825789,23187.650380134583,-1,,,,,,,10.676666666666666,-2.126666666666667,0.19274312267852747,0.21706283619154418,,0.005676524941747196,,,
2025-01-23,23205.35,,23184.282418838593,23189.86283261776,-1,,,,,,,10.676666666666666,-2.126666666666667,0.19274312267852747,0.21706283619154418,,0.0021593281898135697,,,
2025-01-24,23092.2,,23153.588279225733,23177.65497854054,-1,,,,,,,10.676666666666666,-2.126666666666667,0.19274312267852747,0.21706283619154418,,-0.004876030742910431,,,
2025-01-27,22829.15,,23045.44218615049,23134.09185622297,-1,,,,,,,10.676666666666666,-2.126666666666667,0.19274312267852747,0.21706283619154418,,-0.01139129229783209,,,
2025-01-28,22957.25,,23016.044790766995,23111.9866241951,-1,,,,,,,10.676666666666666,-2.126666666666667,0.19274312267852747,0.21706283619154418,,0.005611247024089661,,,
2025-01-29,23163.1,,23065.063193844664,23118.375796170712,-1,,,,,,,10.676666666666666,-2.126666666666667,0.19274312267852747,0.21706283619154418,,0.008966666303673154,,,
2025-01-30,23249.5,,23126.542129229776,23134.766321649375,-1,,,,,,,10.676666666666666,-2.126666666666667,0.19274312267852747,0.21706283619154418,,0.003730070672751218,,,
2025-01-31,23508.4,,23253.828086153186,23181.470531443203,1,,,,,,,10.676666666666666,-2.126666666666667,0.19274312267852747,0.21706283619154418,,0.011135723348889348,,,
2025-02-01,23482.15,,23329.93539076879,23219.055465012803,1,,,,,,,10.676666666666666,-2.126666666666667,0.19274312267852747,0.21706283619154418,,-0.0011166221435742196,,,
2025-02-03,23361.05,,23340.306927179197,23236.804781886203,1,,,,,,,10.676666666666666,-2.126666666666667,0.19274312267852747,0.21706283619154418,,-0.0051571086974575575,,,
2025-02-04,23739.25,,23473.2879514528,23299.61043415043,1,,,,,,,10.676666666666666,-2.126666666666667,0.19274312267852747,0.21706283619154418,,0.016189340804458663,,,
2025-02-05,23696.3,,23547.625300968535,23349.196629881622,1,,,,,,,10.676666666666666,-2.126666666666667,0.19274312267852747,0.21706283619154418,,-0.0018092399717767327,,,
2025-02-06,23603.35,,23566.20020064569,23380.96580114642,1,,,,,,,10.676666666666666,-2.126666666666667,0.19274312267852747,0.21706283619154418,,-0.003922553310010457,,,
2025-02-07,23559.95,,23564.11680043046,23403.33882600312,1,,,,,,,10.676666666666666,-2.126666666666667,0.19274312267852747,0.21706283619154418,,-0.0018387220458111475,,,
2025-02-10,23381.6,,23503.277866953642,23400.62147275273,1,,,,,,,10.676666666666666,-2.126666666666667,0.19274312267852747,0.21706283619154418,,-0.007570050021328711,,,
2025-02-11,23071.8,,23359.45191130243,23359.518788658635,-1,,,,,,,10.676666666666666,-2.126666666666667,0.19274312267852747,0.21706283619154418,,-0.013249734834228644,,,
2025-02-12,23045.25,,23254.717940868286,23320.235190076306,-1,,,,,,,10.676666666666666,-2.126666666666667,0.19274312267852747,0.21706283619154418,,-0.0011507554677138154,,,
2025-02-13,23031.4,,23180.278627245527,23284.130791316766,-1,,,,,,,10.676666666666666,-2.126666666666667,0.19274312267852747,0.21706283619154418,,-0.0006009915275381195,,,
2025-02-14,22929.25,,23096.602418163686,23239.77069240217,-1,,,,,,,10.676666666666666,-2.126666666666667,0.19274312267852747,0.21706283619154418,,-0.004435249268390229,,,
2025-02-17,22959.5,,23050.901612109126,23204.736855851897,-1,,,,,,,10.676666666666666,-2.126666666666667,0.19274312267852747,0.21706283619154418,,0.0013192755977626813,,,
2025-02-18,22945.3,,23015.701074739416,23172.30724887041,-1,,,,,,,10.676666666666666,-2.126666666666667,0.19274312267852747,0.21706283619154418,,-0.0006184803676038131,,,
2025-02-19,22932.9,,22988.100716492947,23142.381342761608,-1,,,,,,,10.676666666666666,-2.126666666666667,0.19274312267852747,0.21706283619154418,,-0.0005404156842576668,,,
2025-02-20,22913.15,,22963.117144328633,23113.727424916407,-1,,,,,,,10.676666666666666,-2.126666666666667,0.19274312267852747,0.21706283619154418,,-0.0008612081332932675,,,
2025-02-21,22795.9,,22907.37809621909,23073.998996801856,-1,,,,,,,10.676666666666666,-2.126666666666667,0.19274312267852747,0.21706283619154418,,-0.0051171488861200265,,,
2025-02-24,22553.35,,22789.368730812726,23008.917872201626,-1,,,,,,,10.676666666666666,-2.126666666666667,0.19274312267852747,0.21706283619154418,,-0.010640071240881177,,,
2025-02-25,22547.55,,22708.762487208485,22951.24688817642,-1,,,,,,,10.676666666666666,-2.126666666666667,0.19274312267852747,0.21706283619154418,,-0.000257168003866326,,,
2025-02-27,22545.05,,22654.191658138992,22900.472277154367,-1,,,,,,,10.676666666666666,-2.126666666666667,0.19274312267852747,0.21706283619154418,,-0.00011087679149179852,,,
2025-02-28,22124.7,,22477.694438759332,22803.500742510074,-1,,,,,,,10.676666666666666,-2.126666666666667,0.19274312267852747,0.21706283619154418,,-0.01864489100711675,,,
2025-03-03,22119.3,,22358.229625839555,22717.975649696313,-1,,,,,,,10.676666666666666,-2.126666666666667,0.19274312267852747,0.21706283619154418,,-0.00024407110604895976,,,
2025-03-04,22082.65,,22266.369750559705,22638.559943484273,-1,,,,,,,10.676666666666666,-2.126666666666667,0.19274312267852747,0.21706283619154418,,-0.0016569240437083188,,,
2025-03-05,22337.3,,22290.013167039804,22600.90245054874,-1,,,,,,,10.676666666666666,-2.126666666666667,0.19274312267852747,0.21706283619154418,,0.011531677583985545,,,
2025-03-06,22544.7,,22374.90877802654,22593.877144230148,-1,,,,,,,10.676666666666666,-2.126666666666667,0.19274312267852747,0.21706283619154418,,0.009284918051868374,,,
2025-03-07,22552.5,,22434.105852017696,22588.70500120138,-1,,,,,,,10.676666666666666,-2.126666666666667,0.19274312267852747,0.21706283619154418,,0.0003459793210820461,,,
2025-03-10,22460.3,,22442.837234678467,22572.654376051207,-1,,,,,,,10.676666666666666,-2.126666666666667,0.19274312267852747,0.21706283619154418,,-0.004088238554484036,,,
2025-03-11,22497.9,,22461.191489785648,22563.310079044804,-1,,,,,,,10.676666666666666,-2.126666666666667,0.19274312267852747,0.21706283619154418,,0.0016740649056334878,,,
2025-03-12,22470.5,,22464.294326523766,22551.708819164203,-1,,,,,,,10.676666666666666,-2.126666666666667,0.19274312267852747,0.21706283619154418,,-0.0012178914476462799,,,
2025-03-13,22397.2,,22441.929551015848,22532.39521676868,-1,,,,,,,10.676666666666666,-2.126666666666667,0.19274312267852747,0.21706283619154418,,-0.003262054693932037,,,
2025-03-17,22508.75,,22464.203034010567,22529.439564672597,-1,,,,,,,10.676666666666666,-2.126666666666667,0.19274312267852747,0.21706283619154418,,0.004980533280945831,,,
2025-03-18,22834.3,,22587.568689340376,22567.547119088522,1,,,,,,,10.676666666666666,-2.126666666666667,0.19274312267852747,0.21706283619154418,,0.014463264286110888,,,
2025-03-19,22907.6,,22694.245792893584,22610.053729202456,1,,,,,,,10.676666666666666,-2.126666666666667,0.19274312267852747,0.21706283619154418,,0.003210083076774728,,,
2025-03-20,23190.65,,22859.713861929056,22682.62826305215,1,,,,,,,10.676666666666666,-2.126666666666667,0.19274312267852747,0.21706283619154418,,0.012356161273987754,,,
2025-03-21,23350.4,,23023.275907952706,22766.09973017063,1,,,,,,,10.676666666666666,-2.126666666666667,0.19274312267852747,0.21706283619154418,,0.006888552067320308,,,
2025-03-24,23658.35,,23234.96727196847,22877.631013899303,1,,,,,,,10.676666666666666,-2.126666666666667,0.19274312267852747,0.21706283619154418,,0.013188210908592346,,,
2025-03-25,23668.65,,23379.528181312315,22976.508387161888,1,,,,,,,10.676666666666666,-2.126666666666667,0.19274312267852747,0.21706283619154418,,0.0004353642582852757,,,
2025-03-26,23486.85,,23415.302120874876,23040.301088766653,1,,,,,,,10.676666666666666,-2.126666666666667,0.19274312267852747,0.21706283619154418,,-0.0076810464475161044,,,
2025-03-27,23591.95,,23474.18474724992,23109.257202670822,1,,,,,,,10.676666666666666,-2.126666666666667,0.19274312267852747,0.21706283619154418,,0.004474844434225966,,,
2025-03-28,23519.35,,23489.23983149995,23160.51880233697,1,,,,,,,10.676666666666666,-2.126666666666667,0.19274312267852747,0.21706283619154418,,-0.003077320865803923,,,
2025-04-01,23165.7,,23381.39322099997,23161.16645204485,1,,,,,,,10.676666666666666,-2.126666666666667,0.19274312267852747,0.21706283619154418,,-0.015036555006834651,,,
2025-04-02,23332.35,,23365.045480666646,23182.564395539244,1,,,,,,,10.676666666666666,-2.126666666666667,0.19274312267852747,0.21706283619154418,,0.007193825353863481,,,
2025-04-03,23250.1,,23326.730320444432,23191.00634609684,1,,,,,,,10.676666666666666,-2.126666666666667,0.19274312267852747,0.21706283619154418,,-0.003525148559832214,,,
2025-04-04,22904.45,,23185.970213629622,23155.186802834738,1,,,,,,,10.676666666666666,-2.126666666666667,0.19274312267852747,0.21706283619154418,,-0.014866602724289302,,,
2025-04-07,22161.6,,22844.513475753083,23030.988452480397,-1,,,,,,,10.676666666666666,-2.126666666666667,0.19274312267852747,0.21706283619154418,,-0.03243256223135693,,,
2025-04-08,22535.85,,22741.625650502057,22969.096145920346,-1,,,,,,,10.676666666666666,-2.126666666666667,0.19274312267852747,0.21706283619154418,,0.0168873186051548,,,
2025-04-09,22399.15,,22627.467100334707,22897.852877680303,-1,,,,,,,10.676666666666666,-2.126666666666667,0.19274312267852747,0.21706283619154418,,-0.006065890569914023,,,
2025-04-11,22828.55,,22694.494733556472,22889.190017970264,-1,,,,,,,10.676666666666666,-2.126666666666667,0.19274312267852747,0.21706283619154418,,0.0191703703042303,,,
2025-04-15,23328.55,,22905.84648903765,22944.110015723978,-1,,,,,,,10.676666666666666,-2.126666666666667,0.19274312267852747,0.21706283619154418,,0.021902398531663314,,,
2025-04-16,23437.2,,23082.964326025103,23005.746263758483,1,,,,,,,10.676666666666666,-2.126666666666667,0.19274312267852747,0.21706283619154418,,0.004657383335012311,,,
2025-04-17,23851.65,,23339.19288401674,23111.484230788672,1,,,,,,,10.676666666666666,-2.126666666666667,0.19274312267852747,0.21706283619154418,,0.017683426347857356,,,
2025-04-21,24125.55,,23601.311922677825,23238.24245194009,1,,,,,,,10.676666666666666,-2.126666666666667,0.19274312267852747,0.21706283619154418,,0.011483482274811108,,,
2025-04-22,24167.25,,23789.957948451884,23354.36839544758,1,,,,,,,10.676666666666666,-2.126666666666667,0.19274312267852747,0.21706283619154418,,0.0017284580040661801,,,
2025-04-23,24328.95,,23969.621965634593,23476.19109601663,1,,,,,,,10.676666666666666,-2.126666666666667,0.19274312267852747,0.21706283619154418,,0.00669087297892812,,,
2025-04-24,24246.7,,24061.981310423063,23572.504709014553,1,,,,,,,10.676666666666666,-2.126666666666667,0.19274312267852747,0.21706283619154418,,-0.003380745983694311,,,
2025-04-25,24039.35,,24054.437540282044,23630.860370387734,1,,,,,,,10.676666666666666,-2.126666666666667,0.19274312267852747,0.21706283619154418,,-0.008551679197581596,,,
2025-04-28,24328.5,,24145.791693521365,23718.065324089268,1,,,,,,,10.676666666666666,-2.126666666666667,0.19274312267852747,0.21706283619154418,,0.012028195437896683,,,
2025-04-29,24335.95,,24209.177795680913,23795.300908578112,1,,,,,,,10.676666666666666,-2.126666666666667,0.19274312267852747,0.21706283619154418,,0.00030622520911682827,,,
2025-04-30,24334.2,,24250.851863787277,23862.66329500585,1,,,,,,,10.676666666666666,-2.126666666666667,0.19274312267852747,0.21706283619154418,,-7.191007542339811e-05,,,
2025-05-02,24346.7,,24282.801242524853,23923.167883130118,1,,,,,,,10.676666666666666,-2.126666666666667,0.19274312267852747,0.21706283619154418,,0.0005136803346730279,,,
2025-05-05,24461.15,,24342.250828349905,23990.415647738853,1,,,,,,,10.676666666666666,-2.126666666666667,0.19274312267852747,0.21706283619154418,,0.004700842413961626,,,
2025-05-06,24379.6,,24354.70055223327,24039.0636917715,1,,,,,,,10.676666666666666,-2.126666666666667,0.19274312267852747,0.21706283619154418,,-0.00333385797478869,,,
2025-05-07,24414.4,,24374.600368155516,24085.98073030006,1,,,,,,,10.676666666666666,-2.126666666666667,0.19274312267852747,0.21706283619154418,,0.0014274229273656402,,,
2025-05-08,24273.8,,24341.00024543701,24109.45813901255,1,,,,,,,10.676666666666666,-2.126666666666667,0.19274312267852747,0.21706283619154418,,-0.005758896389016388,,,
2025-05-09,24008.0,,24230.000163624674,24096.775871635982,1,,,,,,,10.676666666666666,-2.126666666666667,0.19274312267852747,0.21706283619154418,,-0.010950077861727414,,,
2025-05-12,24924.7,,24461.566775749787,24200.266387681484,1,,,,,,,10.676666666666666,-2.126666666666667,0.19274312267852747,0.21706283619154418,,0.038183105631456105,,,
2025-05-13,24578.35,,24500.494517166524,24247.5268392213,1,,,,,,,10.676666666666666,-2.126666666666667,0.19274312267852747,0.21706283619154418,,-0.013895854313191403,,,
2025-05-14,24666.9,,24555.96301144435,24299.948484318636,1,,,,,,,10.676666666666666,-2.126666666666667,0.19274312267852747,0.21706283619154418,,0.003602764221357635,,,
2025-05-15,25062.1,,24724.675340962902,24395.21742377881,1,,,,,,,10.676666666666666,-2.126666666666667,0.19274312267852747,0.21706283619154418,,0.016021470067175025,,,
2025-05-16,25019.8,,24823.050227308602,24473.290245806456,1,,,,,,,10.676666666666666,-2.126666666666667,0.19274312267852747,0.21706283619154418,,-0.0016878074862042292,,,
2025-05-19,24945.45,,24863.850151539067,24532.31021508065,1,,,,,,,10.676666666666666,-2.126666666666667,0.19274312267852747,0.21706283619154418,,-0.0029716464560067823,,,
2025-05-20,24683.9,,24803.866767692714,24551.25893819557,1,,,,,,,10.676666666666666,-2.126666666666667,0.19274312267852747,0.21706283619154418,,-0.010484878003804265,,,
2025-05-21,24813.45,,24807.06117846181,24584.032820921126,1,,,,,,,10.676666666666666,-2.126666666666667,0.19274312267852747,0.21706283619154418,,0.005248360267218644,,,
2025-05-22,24609.7,,24741.274118974543,24587.241218305986,1,,,,,,,10.676666666666666,-2.126666666666667,0.19274312267852747,0.21706283619154418,,-0.008211272515510792,,,
2025-05-23,24853.15,,24778.566079316362,24620.479816017738,1,,,,,,,10.676666666666666,-2.126666666666667,0.19274312267852747,0.21706283619154418,,0.009892440785543855,,,
2025-05-26,25001.15,,24852.760719544243,24668.06358901552,1,,,,,,,10.676666666666666,-2.126666666666667,0.19274312267852747,0.21706283619154418,,0.005954979549875894,,,
2025-05-27,24826.2,,24843.907146362828,24687.830640388584,1,,,,,,,10.676666666666666,-2.126666666666667,0.19274312267852747,0.21706283619154418,,-0.00699767810680707,,,
2025-05-28,24752.45,,24813.421430908555,24695.90806034001,1,,,,,,,10.676666666666666,-2.126666666666667,0.19274312267852747,0.21706283619154418,,-0.0029706519725128944,,,
2025-05-29,24833.6,,24820.147620605705,24713.11955279751,1,,,,,,,10.676666666666666,-2.126666666666667,0.19274312267852747,0.21706283619154418,,0.0032784633440325894,,,
2025-05-30,24750.7,,24796.99841373714,24717.817108697822,1,,,,,,,10.676666666666666,-2.126666666666667,0.19274312267852747,0.21706283619154418,,-0.0033382191869080202,,,
2025-06-02,24716.6,,24770.198942491428,24717.664970110596,1,,,,,,,10.676666666666666,-2.126666666666667,0.19274312267852747,0.21706283619154418,,-0.0013777388114276645,,,
2025-06-03,24542.5,,24694.299294994285,24695.76934884677,-1,,,,,,,10.676666666666666,-2.126666666666667,0.19274312267852747,0.21706283619154418,,-0.007043849073092523,,,
2025-06-04,24620.2,,24669.599529996194,24686.323180240925,-1,,,,,,,10.676666666666666,-2.126666666666667,0.19274312267852747,0.21706283619154418,,0.0031659366405216716,,,
2025-06-05,24750.9,,24696.69968666413,24694.395282710808,1,,,,,,,10.676666666666666,-2.126666666666667,0.19274312267852747,0.21706283619154418,,0.005308648995540288,,,
2025-06-06,25003.05,,24798.816457776087,24732.977122371954,1,,,,,,,10.676666666666666,-2.126666666666667,0.19274312267852747,0.21706283619154418,,0.010187508333030282,,,
2025-06-09,25103.2,,24900.277638517393,24779.25498207546,1,,,,,,,10.676666666666666,-2.126666666666667,0.19274312267852747,0.21706283619154418,,0.004005511327618061,,,
2025-06-10,25104.25,,24968.268425678263,24819.87935931603,1,,,,,,,10.676666666666666,-2.126666666666667,0.19274312267852747,0.21706283619154418,,4.182733675395234e-05,,,
2025-06-11,25141.4,,25025.97895045218,24860.069439401526,1,,,,,,,10.676666666666666,-2.126666666666667,0.19274312267852747,0.21706283619154418,,0.0014798291126005836,,,
2025-06-12,24888.2,,24980.052633634787,24863.585759476337,1,,,,,,,10.676666666666666,-2.126666666666667,0.19274312267852747,0.21706283619154418,,-0.010071038207896121,,,
2025-06-13,24718.6,,24892.901755756528,24845.462539541793,1,,,,,,,10.676666666666666,-2.126666666666667,0.19274312267852747,0.21706283619154418,,-0.0068144743292002374,,,
2025-06-16,24946.5,,24910.76783717102,24858.09222209907,1,,,,,,,10.676666666666666,-2.126666666666667,0.19274312267852747,0.21706283619154418,,0.009219777819132302,,,
2025-06-17,24853.4,,24891.645224780685,24857.505694336684,1,,,,,,,10.676666666666666,-2.126666666666667,0.19274312267852747,0.21706283619154418,,-0.0037319864510051426,,,
2025-06-18,24812.05,,24865.113483187124,24851.823732544595,1,,,,,,,10.676666666666666,-2.126666666666667,0.19274312267852747,0.21706283619154418,,-0.0016637562667483063,,,
2025-06-19,24793.25,,24841.158988791416,24844.50201597652,-1,,,,,,,10.676666666666666,-2.126666666666667,0.19274312267852747,0.21706283619154418,,-0.000757696361243787,,,
2025-06-20,25112.4,,24931.57265919428,24877.989263979453,1,,,,,,,10.676666666666666,-2.126666666666667,0.19274312267852747,0.21706283619154418,,0.01287245520454161,,,
2025-06-23,24971.9,,24945.015106129522,24889.72810598202,1,,,,,,,10.676666666666666,-2.126666666666667,0.19274312267852747,0.21706283619154418,,-0.005594845574297902,,,
2025-06-24,25044.35,,24978.126737419683,24909.05584273427,1,,,,,,,10.676666666666666,-2.126666666666667,0.19274312267852747,0.21706283619154418,,0.0029012610173835274,,,
2025-06-25,25244.75,,25067.00115827979,24951.017612392487,1,,,,,,,10.676666666666666,-2.126666666666667,0.19274312267852747,0.21706283619154418,,0.008001804798287937,,,
2025-06-26,25549.0,,25227.667438853194,25025.765410843425,1,,,,,,,10.676666666666666,-2.126666666666667,0.19274312267852747,0.21706283619154418,,0.012052010814129765,,,
2025-06-27,25637.8,,25364.3782925688,25102.269734487996,1,,,,,,,10.676666666666666,-2.126666666666667,0.19274312267852747,0.21706283619154418,,0.0034756741946846414,,,
2025-06-30,25517.05,,25415.26886171253,25154.117267676997,1,,,,,,,10.676666666666666,-2.126666666666667,0.19274312267852747,0.21706283619154418,,-0.00470984249818629,,,
2025-07-01,25541.8,,25457.445907808353,25202.57760921737,1,,,,,,,10.676666666666666,-2.126666666666667,0.19274312267852747,0.21706283619154418,,0.0009699397069802274,,,
2025-07-02,25453.4,,25456.097271872237,25233.930408065196,1,,,,,,,10.676666666666666,-2.126666666666667,0.19274312267852747,0.21706283619154418,,-0.003460993352073727,,,
2025-07-03,25405.3,,25439.164847914828,25255.351607057044,1,,,,,,,10.676666666666666,-2.126666666666667,0.19274312267852747,0.21706283619154418,,-0.0018897278948981633,,,
2025-07-04,25461.0,,25446.44323194322,25281.057656174915,1,,,,,,,10.676666666666666,-2.126666666666667,0.19274312267852747,0.21706283619154418,,0.002192455904870272,,,
2025-07-07,25461.3,,25451.39548796215,25303.58794915305,1,,,,,,,10.676666666666666,-2.126666666666667,0.19274312267852747,0.21706283619154418,,1.1782726522913123e-05,,,
2025-07-08,25522.5,,25475.09699197477,25330.95195550892,1,,,,,,,10.676666666666666,-2.126666666666667,0.19274312267852747,0.21706283619154418,,0.002403647889149374,,,
2025-07-09,25476.1,,25475.43132798318,25349.09546107031,1,,,,,,,10.676666666666666,-2.126666666666667,0.19274312267852747,0.21706283619154418,,-0.0018180037222059742,,,
2025-07-10,25355.25,,25435.37088532212,25349.86477843652,1,,,,,,,10.676666666666666,-2.126666666666667,0.19274312267852747,0.21706283619154418,,-0.004743661706462121,,,
2025-07-11,25149.85,,25340.197256881416,25324.862931131956,1,,,,,,,10.676666666666666,-2.126666666666667,0.19274312267852747,0.21706283619154418,,-0.008100886404196372,,,
2025-07-14,25082.3,,25254.231504587613,25294.54256474046,-1,,,,,,,10.676666666666666,-2.126666666666667,0.19274312267852747,0.21706283619154418,,-0.00268590071113739,,,
2025-07-15,25195.8,,25234.754336391743,25282.1997441479,-1,,,,,,,10.676666666666666,-2.126666666666667,0.19274312267852747,0.21706283619154418,,0.004525103359739768,,,
2025-07-16,25212.05,,25227.186224261164,25273.431026129412,-1,,,,,,,10.676666666666666,-2.126666666666667,0.19274312267852747,0.21706283619154418,,0.0006449487613013893,,,
2025-07-17,25111.45,,25188.60748284078,25253.18339786324,-1,,,,,,,10.676666666666666,-2.126666666666667,0.19274312267852747,0.21706283619154418,,-0.0039901555010400935,,,
2025-07-18,24968.4,,25115.204988560523,25217.585473130333,-1,,,,,,,10.676666666666666,-2.126666666666667,0.19274312267852747,0.21706283619154418,,-0.005696604536974181,,,
2025-07-21,25090.7,,25107.03665904035,25201.724788989042,-1,,,,,,,10.676666666666666,-2.126666666666667,0.19274312267852747,0.21706283619154418,,0.004898191313820632,,,
2025-07-22,25060.9,,25091.657772693572,25184.12169036541,-1,,,,,,,10.676666666666666,-2.126666666666667,0.19274312267852747,0.21706283619154418,,-0.0011876910568456855,,,
2025-07-23,25219.9,,25134.405181795715,25188.593979069734,-1,,,,,,,10.676666666666666,-2.126666666666667,0.19274312267852747,0.21706283619154418,,0.006344544689137255,,,
2025-07-24,25062.1,,25110.30345453048,25172.78223168602,-1,,,,,,,10.676666666666666,-2.126666666666667,0.19274312267852747,0.21706283619154418,,-0.00625696374688256,,,
2025-07-25,24837.0,,25019.202303020324,25130.809452725265,-1,,,,,,,10.676666666666666,-2.126666666666667,0.19274312267852747,0.21706283619154418,,-0.00898168948332334,,,
2025-07-28,24680.9,,24906.43486868022,25074.570771134608,-1,,,,,,,10.676666666666666,-2.126666666666667,0.19274312267852747,0.21706283619154418,,-0.006284978056931179,,,
2025-07-29,24821.1,,24877.98991245348,25042.886924742783,-1,,,,,,,10.676666666666666,-2.126666666666667,0.19274312267852747,0.21706283619154418,,0.005680505978306938,,,
2025-07-30,24855.05,,24870.34327496899,25019.407309149934,-1,,,,,,,10.676666666666666,-2.126666666666667,0.19274312267852747,0.21706283619154418,,0.0013677878901419138,,,
2025-07-31,24768.35,,24836.345516645993,24988.02514550619,-1,,,,,,,10.676666666666666,-2.126666666666667,0.19274312267852747,0.21706283619154418,,-0.003488224726966971,,,
2025-08-01,24565.35,,24746.013677764,24935.190752317918,-1,,,,,,,10.676666666666666,-2.126666666666667,0.19274312267852747,0.21706283619154418,,-0.008195943613522938,,,
2025-08-04,24722.75,,24738.259118509333,24908.635658278177,-1,,,,,,,10.676666666666666,-2.126666666666667,0.19274312267852747,0.21706283619154418,,0.006407399039704442,,,
2025-08-05,24649.55,,24708.689412339558,24876.249950993402,-1,,,,,,,10.676666666666666,-2.126666666666667,0.19274312267852747,0.21706283619154418,,-0.00296083566755323,,,
2025-08-06,24574.2,,24663.859608226376,24838.49370711923,-1,,,,,,,10.676666666666666,-2.126666666666667,0.19274312267852747,0.21706283619154418,,-0.003056850936426825,,,
2025-08-07,24596.15,,24641.289738817588,24808.200743729325,-1,,,,,,,10.676666666666666,-2.126666666666667,0.19274312267852747,0.21706283619154418,,0.0008932132073475874,,,
2025-08-08,24363.3,,24548.62649254506,24752.588150763157,-1,,,,,,,10.676666666666666,-2.126666666666667,0.19274312267852747,0.21706283619154418,,-0.009466928767307148,,,
2025-08-11,24585.05,,24560.767661696707,24731.64588191776,-1,,,,,,,10.676666666666666,-2.126666666666667,0.19274312267852747,0.21706283619154418,,0.009101804763722576,,,
2025-08-12,24487.4,,24536.311774464473,24701.11514667804,-1,,,,,,,10.676666666666666,-2.126666666666667,0.19274312267852747,0.21706283619154418,,-0.003971926028216277,,,
2025-08-13,24619.35,,24563.991182976315,24690.894503343286,-1,,,,,,,10.676666666666666,-2.126666666666667,0.19274312267852747,0.21706283619154418,,0.005388485506832019,,,
2025-08-14,24631.3,,24586.427455317542,24683.445190425373,-1,,,,,,,10.676666666666666,-2.126666666666667,0.19274312267852747,0.21706283619154418,,0.0004853905566151173,,,
2025-08-18,24876.95,,24683.268303545028,24707.6332916222,-1,,,,,,,10.676666666666666,-2.126666666666667,0.19274312267852747,0.21706283619154418,,0.009973083028504526,,,
2025-08-19,24980.65,,24782.39553569669,24741.760380169424,1,,,,,,,10.676666666666666,-2.126666666666667,0.19274312267852747,0.21706283619154418,,0.004168517442853847,,,
2025-08-20,25050.55,,24871.78035713113,24780.359082648243,1,,,,,,,10.676666666666666,-2.126666666666667,0.19274312267852747,0.21706283619154418,,0.002798165780313777,,,
2025-08-21,25083.75,,24942.43690475409,24818.282947317213,1,,,,,,,10.676666666666666,-2.126666666666667,0.19274312267852747,0.21706283619154418,,0.001325320202550495,,,
2025-08-22,24870.1,,24918.324603169396,24824.760078902564,1,,,,,,,10.676666666666666,-2.126666666666667,0.19274312267852747,0.21706283619154418,,-0.0085174664872677,,,
2025-08-25,24967.75,,24934.799735446264,24842.633819039744,1,,,,,,,10.676666666666666,-2.126666666666667,0.19274312267852747,0.21706283619154418,,0.003926401582623473,,,
2025-08-26,24712.05,,24860.549823630845,24826.310841659775,1,,,,,,,10.676666666666666,-2.126666666666667,0.19274312267852747,0.21706283619154418,,-0.01024121116239951,,,
2025-08-28,24500.9,,24740.666549087233,24785.6344864523,-1,,,,,,,10.676666666666666,-2.126666666666667,0.19274312267852747,0.21706283619154418,,-0.008544414566982406,,,
2025-08-29,24426.85,,24636.061032724825,24740.786425645765,-1,,,,,,,10.676666666666666,-2.126666666666667,0.19274312267852747,0.21706283619154418,,-0.0030223379549323415,,,
2025-09-01,24625.05,,24632.390688483218,24726.319372440044,-1,,,,,,,10.676666666666666,-2.126666666666667,0.19274312267852747,0.21706283619154418,,0.008114022069976246,,,
2025-09-02,24579.6,,24614.793792322147,24707.97945088504,-1,,,,,,,10.676666666666666,-2.126666666666667,0.19274312267852747,0.21706283619154418,,-0.001845681531611132,,,
2025-09-03,24715.05,,24648.212528214764,24708.86326952441,-1,,,,,,,10.676666666666666,-2.126666666666667,0.19274312267852747,0.21706283619154418,,0.005510667382707668,,,
2025-09-04,24734.3,,24676.90835214318,24712.042860833855,-1,,,,,,,10.676666666666666,-2.126666666666667,0.19274312267852747,0.21706283619154418,,0.0007788776474253467,,,
2025-09-05,24741.0,,24698.27223476212,24715.66250322962,-1,,,,,,,10.676666666666666,-2.126666666666667,0.19274312267852747,0.21706283619154418,,0.0002708789009593371,,,
2025-09-08,24773.15,,24723.231489841415,24722.848440325917,1,,,,,,,10.676666666666666,-2.126666666666667,0.19274312267852747,0.21706283619154418,,0.0012994624307829383,,,
2025-09-09,24868.6,,24771.68765989428,24741.06738528518,1,,,,,,,10.676666666666666,-2.126666666666667,0.19274312267852747,0.21706283619154418,,0.00385296177514749,,,
2025-09-10,24973.1,,24838.82510659619,24770.07146212453,1,,,,,,,10.676666666666666,-2.126666666666667,0.19274312267852747,0.21706283619154418,,0.004202086164882601,,,
2025-09-11,25005.5,,24894.383404397464,24799.500029358966,1,,,,,,,10.676666666666666,-2.126666666666667,0.19274312267852747,0.21706283619154418,,0.0012973959980939753,,,
2025-09-12,25114.0,,24967.588936264976,24838.812525689096,1,,,,,,,10.676666666666666,-2.126666666666667,0.19274312267852747,0.21706283619154418,,0.004339045410009845,,,
2025-09-15,25069.2,,25001.45929084332,24867.61095997796,1,,,,,,,10.676666666666666,-2.126666666666667,0.19274312267852747,0.21706283619154418,,-0.0017838655729871533,,,
2025-09-16,25239.1,,25080.672860562216,24914.047089980715,1,,,,,,,10.676666666666666,-2.126666666666667,0.19274312267852747,0.21706283619154418,,0.0067772405980246475,,,
2025-09-17,25330.25,,25163.865240374813,24966.072453733126,1,,,,,,,10.676666666666666,-2.126666666666667,0.19274312267852747,0.21706283619154418,,0.0036114599965926253,,,
2025-09-18,25423.6,,25250.44349358321,25023.263397016486,1,,,,,,,10.676666666666666,-2.126666666666667,0.19274312267852747,0.21706283619154418,,0.003685316962919849,,,
2025-09-19,25327.05,,25275.97899572214,25061.236722389425,1,,,,,,,10.676666666666666,-2.126666666666667,0.19274312267852747,0.21706283619154418,,-0.003797652574773047,,,
2025-09-22,25202.35,,25251.435997148095,25078.87588209075,1,,,,,,,10.676666666666666,-2.126666666666667,0.19274312267852747,0.21706283619154418,,-0.004923589600841827,,,
2025-09-23,25169.5,,25224.12399809873,25090.203896829407,1,,,,,,,10.676666666666666,-2.126666666666667,0.19274312267852747,0.21706283619154418,,-0.0013034498766979485,,,
2025-09-24,25056.9,,25168.382665399156,25086.040909725732,1,,,,,,,10.676666666666666,-2.126666666666667,0.19274312267852747,0.21706283619154418,,-0.004473668527384289,,,
2025-09-25,24890.85,,25075.87177693277,25061.642046010016,1,,,,,,,10.676666666666666,-2.126666666666667,0.19274312267852747,0.21706283619154418,,-0.0066269171365972435,,,
2025-09-26,24654.7,,24935.48118462185,25010.774290258767,-1,,,,,,,10.676666666666666,-2.126666666666667,0.19274312267852747,0.21706283619154418,,-0.009487422084822228,,,
2025-09-29,24634.9,,24835.287456414568,24963.79000397642,-1,,,,,,,10.676666666666666,-2.126666666666667,0.19274312267852747,0.21706283619154418,,-0.0008030923109995092,,,
2025-09-30,24611.1,,24760.558304276383,24919.703753479367,-1,,,,,,,10.676666666666666,-2.126666666666667,0.19274312267852747,0.21706283619154418,,-0.000966109056663611,,,
2025-10-01,24836.3,,24785.805536184256,24909.278284294443,-1,,,,,,,10.676666666666666,-2.126666666666667,0.19274312267852747,0.21706283619154418,,0.009150342731531813,,,
2025-10-03,24894.25,,24821.953690789505,24907.399748757638,-1,,,,,,,10.676666666666666,-2.126666666666667,0.19274312267852747,0.21706283619154418,,0.002333278306350106,,,
2025-10-06,25077.65,,24907.185793859673,24928.681030162934,-1,,,,,,,10.676666666666666,-2.126666666666667,0.19274312267852747,0.21706283619154418,,0.007367163099912588,,,
2025-10-07,25108.3,,24974.22386257312,24951.133401392566,1,,,,,,,10.676666666666666,-2.126666666666667,0.19274312267852747,0.21706283619154418,,0.001222203834888802,,,
2025-10-08,25046.15,,24998.199241715414,24963.010476218496,1,,,,,,,10.676666666666666,-2.126666666666667,0.19274312267852747,0.21706283619154418,,-0.0024752770996043783,,,
2025-10-09,25181.8,,25059.399494476944,24990.35916669118,1,,,,,,,10.676666666666666,-2.126666666666667,0.19274312267852747,0.21706283619154418,,0.005416002060196767,,,
2025-10-10,25285.35,,25134.716329651295,25027.233020854783,1,,,,,,,10.676666666666666,-2.126666666666667,0.19274312267852747,0.21706283619154418,,0.004112096831838885,,,
2025-10-13,25227.35,,25165.594219767532,25052.247643247934,1,,,,,,,10.676666666666666,-2.126666666666667,0.19274312267852747,0.21706283619154418,,-0.002293818357270161,,,
2025-10-14,25145.5,,25158.896146511688,25063.90418784194,1,,,,,,,10.676666666666666,-2.126666666666667,0.19274312267852747,0.21706283619154418,,-0.0032444945664129587,,,
2025-10-15,25323.55,,25213.78076434113,25096.359914361696,1,,,,,,,10.676666666666666,-2.126666666666667,0.19274312267852747,0.21706283619154418,,0.007080789803344478,,,
2025-10-16,25585.3,,25337.62050956075,25157.47742506648,1,,,,,,,10.676666666666666,-2.126666666666667,0.19274312267852747,0.21706283619154418,,0.010336228530360092,,,
2025-10-17,25709.85,,25461.697006373834,25226.52399693317,1,,,,,,,10.676666666666666,-2.126666666666667,0.19274312267852747,0.21706283619154418,,0.00486802968892297,,,
2025-10-20,25843.15,,25588.848004249223,25303.602247316525,1,,,,,,,10.676666666666666,-2.126666666666667,0.19274312267852747,0.21706283619154418,,0.0051847832640019575,,,
2025-10-21,25868.6,,25682.098669499483,25374.22696640196,1,,,,,,,10.676666666666666,-2.126666666666667,0.19274312267852747,0.21706283619154418,,0.0009847870712353934,,,
2025-10-23,25891.4,,25751.865779666325,25438.87359560171,1,,,,,,,10.676666666666666,-2.126666666666667,0.19274312267852747,0.21706283619154418,,0.000881377422821572,,,
2025-10-24,25795.15,,25766.29385311089,25483.408146151498,1,,,,,,,10.676666666666666,-2.126666666666667,0.19274312267852747,0.21706283619154418,,-0.003717450582046533,,,
2025-10-27,25966.05,,25832.87923540726,25543.73837788256,1,,,,,,,10.676666666666666,-2.126666666666667,0.19274312267852747,0.21706283619154418,,0.006625276457008278,,,
2025-10-28,25936.2,,25867.31949027151,25592.79608064724,1,,,,,,,10.676666666666666,-2.126666666666667,0.19274312267852747,0.21706283619154418,,-0.001149578006666374,,,
2025-10-29,26053.9,,25929.51299351434,25650.434070566334,1,,,,,,,10.676666666666666,-2.126666666666667,0.19274312267852747,0.21706283619154418,,0.004538058774994136,,,
2025-10-30,25877.85,,25912.291995676227,25678.861061745545,1,,,,,,,10.676666666666666,-2.126666666666667,0.19274312267852747,0.21706283619154418,,-0.006757145763206407,,,
2025-10-31,25722.1,,25848.894663784155,25684.26592902735,1,,,,,,,10.676666666666666,-2.126666666666667,0.19274312267852747,0.21706283619154418,,-0.006018660746545779,,,
2025-11-03,25763.35,,25820.379775856105,25694.151437898934,1,,,,,,,10.676666666666666,-2.126666666666667,0.19274312267852747,0.21706283619154418,,0.0016036793263380922,,,
2025-11-04,25597.65,,25746.136517237406,25682.088758161568,1,,,,,,,10.676666666666666,-2.126666666666667,0.19274312267852747,0.21706283619154418,,-0.00643161700632866,,,
2025-11-06,25509.7,,25667.32434482494,25660.54016339137,1,,,,,,,10.676666666666666,-2.126666666666667,0.19274312267852747,0.21706283619154418,,-0.0034358622764198987,,,
2025-11-07,25492.3,,25608.982896549962,25639.510142967447,-1,,,,,,,10.676666666666666,-2.126666666666667,0.19274312267852747,0.21706283619154418,,-0.0006820934781671673,,,
2025-11-10,25574.35,,25597.438597699977,25631.365125096516,-1,,,,,,,10.676666666666666,-2.126666666666667,0.19274312267852747,0.21706283619154418,,0.0032186189555276634,,,
2025-11-11,25694.95,,25629.942398466654,25639.313234459452,-1,,,,,,,10.676666666666666,-2.126666666666667,0.19274312267852747,0.21706283619154418,,0.004715662372650753,,,
2025-11-12,25875.8,,25711.894932311105,25668.874080152018,1,,,,,,,10.676666666666666,-2.126666666666667,0.19274312267852747,0.21706283619154418,,0.007038348002233796,,,
2025-11-13,25879.15,,25767.64662154074,25695.158570133015,1,,,,,,,10.676666666666666,-2.126666666666667,0.19274312267852747,0.21706283619154418,,0.00012946459626372864,,,
2025-11-14,25910.05,,25815.114414360498,25722.019998866388,1,,,,,,,10.676666666666666,-2.126666666666667,0.19274312267852747,0.21706283619154418,,0.001194011395273753,,,
2025-11-17,26013.45,,25881.226276240333,25758.44874900809,1,,,,,,,10.676666666666666,-2.126666666666667,0.19274312267852747,0.21706283619154418,,0.003990729465979559,,,
2025-11-18,25910.05,,25890.834184160223,25777.398905382077,1,,,,,,,10.676666666666666,-2.126666666666667,0.19274312267852747,0.21706283619154418,,-0.0039748668477268545,,,
2025-11-19,26052.65,,25944.77278944015,25811.805292209316,1,,,,,,,10.676666666666666,-2.126666666666667,0.19274312267852747,0.21706283619154418,,0.005503655917298511,,,
2025-11-20,26192.15,,26027.23185962677,25859.34838068315,1,,,,,,,10.676666666666666,-2.126666666666667,0.19274312267852747,0.21706283619154418,,0.005354541668505908,,,
2025-11-21,26068.15,,26040.871239751184,25885.448583097754,1,,,,,,,10.676666666666666,-2.126666666666667,0.19274312267852747,0.21706283619154418,,-0.004734242893385976,,,
2025-11-24,25959.5,,26013.74749316746,25894.705010210535,1,,,,,,,10.676666666666666,-2.126666666666667,0.19274312267852747,0.21706283619154418,,-0.004167921390662577,,,
2025-11-25,25884.8,,25970.764995444973,25893.466883934216,1,,,,,,,10.676666666666666,-2.126666666666667,0.19274312267852747,0.21706283619154418,,-0.0028775592750245327,,,
2025-11-26,26205.3,,26048.94333029665,25932.446023442437,1,,,,,,,10.676666666666666,-2.126666666666667,0.19274312267852747,0.21706283619154418,,0.01238178390406719,,,
2025-11-27,26215.55,,26104.478886864435,25967.83402051213,1,,,,,,,10.676666666666666,-2.126666666666667,0.19274312267852747,0.21706283619154418,,0.00039114224985015156,,,
2025-11-28,26202.95,,26137.30259124296,25997.223517948118,1,,,,,,,10.676666666666666,-2.126666666666667,0.19274312267852747,0.21706283619154418,,-0.0004806307706685109,,,
2025-12-01,26175.75,,26150.118394161975,26019.539328204602,1,,,,,,,10.676666666666666,-2.126666666666667,0.19274312267852747,0.21706283619154418,,-0.0010380510591364578,,,
2025-12-02,26032.2,,26110.81226277465,26021.121912179027,1,,,,,,,10.676666666666666,-2.126666666666667,0.19274312267852747,0.21706283619154418,,-0.005484083550614582,,,
2025-12-03,25986.0,,26069.208175183103,26016.73167315665,1,,,,,,,10.676666666666666,-2.126666666666667,0.19274312267852747,0.21706283619154418,,-0.001774725148085854,,,
2025-12-04,26033.75,,26057.388783455404,26018.85896401207,1,,,,,,,10.676666666666666,-2.126666666666667,0.19274312267852747,0.21706283619154418,,0.0018375278996383138,,,
2025-12-05,26186.45,,26100.409188970272,26039.807843510564,1,,,,,,,10.676666666666666,-2.126666666666667,0.19274312267852747,0.21706283619154418,,0.00586546310078262,,,
2025-12-08,25960.55,,26053.789459313517,26029.900613071743,1,,,,,,,10.676666666666666,-2.126666666666667,0.19274312267852747,0.21706283619154418,,-0.008626598870790092,,,
2025-12-09,25839.65,,25982.409639542348,26006.119286437774,-1,,,,,,,10.676666666666666,-2.126666666666667,0.19274312267852747,0.21706283619154418,,-0.004657066202372384,,,
2025-12-10,25758.0,,25907.606426361566,25975.10437563305,-1,,,,,,,10.676666666666666,-2.126666666666667,0.19274312267852747,0.21706283619154418,,-0.00315987252149319,,,
2025-12-11,25898.55,,25904.58761757438,25965.535078678917,-1,,,,,,,10.676666666666666,-2.126666666666667,0.19274312267852747,0.21706283619154418,,0.005456557186116928,,,
2025-12-12,26046.95,,25952.041745049588,25975.711943844053,-1,,,,,,,10.676666666666666,-2.126666666666667,0.19274312267852747,0.21706283619154418,,0.0057300505240640565,,,
2025-12-15,26027.3,26268.7,25977.12783003306,25982.160450863546,-1,0.9507452247937002,-0.049254775206299874,1.1866256937512478e-06,9.103776268888113,-101.99343116409645,1.5131918170146568,10.676666666666666,-2.126666666666667,0.19274312267852747,0.21706283619154418,0.009274876764013227,-0.000754406945918884,,19.302600018202828,23581.181370545066
2025-12-16,25860.1,26112.9,25938.118553355376,25966.902894505605,-1,0.948744352185065,-0.05125564781493494,1.2474010203429065e-06,9.227773417175104,-105.84323896274472,1.5281457302222428,10.676666666666666,-2.126666666666667,0.19274312267852747,0.21706283619154418,0.009775677588253833,-0.006424024005563411,-0.005931012954580872,18.51004509026259,24629.69238879351
2025-12-17,25818.55,26061.8,25898.262368903583,25948.358782692405,-1,0.9466542169126543,-0.053345783087345715,1.305332076344565e-06,9.396144781924399,-110.40217380038142,1.5500821493299073,10.676666666666666,-2.126666666666667,0.19274312267852747,0.21706283619154418,0.00942152057338619,-0.0016067223251263751,-0.00195688720900411,17.745624154821197,25732.11900251102
2025-12-18,25815.55,26049.1,25870.691579269056,25931.757684855853,-1,0.9444702024327387,-0.05552979756726126,1.364323172416218e-06,9.579021497861673,-115.3636814951074,1.5739886921207662,10.676666666666666,-2.126666666666667,0.19274312267852747,0.21706283619154418,0.00904687291186898,-0.00011619552608488348,-0.0004873032561066859,17.008349459382337,26891.890269820426
2025-12-19,25966.4,26190.0,25902.594386179375,25936.087974248872,-1,0.94218739589781,-0.05781260410219002,1.4179745411800808e-06,9.820591879206207,-121.3045373764133,1.6070452935900048,10.676666666666666,-2.126666666666667,0.19274312267852747,0.21706283619154418,0.008611128227247463,0.005843377344275202,0.005409016050458515,16.297266150343134,28112.720137935194
2025-12-22,26172.4,26377.4,25992.529590786253,25965.626977467764,1,0.9346921077780048,-0.06530789222199522,1.6105314874547979e-06,10.46019922042604,-139.9679856300033,1.6889831890259825,10.676666666666666,-2.126666666666667,0.19274312267852747,0.21706283619154418,0.00783267869969892,0.007933329225460639,0.007155402825505863,14.312085047865123,32183.662265160256
2025-12-23,26177.15,26392.8,26054.06972719084,25992.067355284293,1,0.9319581451468086,-0.06804185485319136,1.685743456008827e-06,10.648425256730807,-146.5561486796263,1.7110969823044764,10.676666666666666,-2.126666666666667,0.19274312267852747,0.21706283619154418,0.008238100786372764,0.00018148889670044355,0.000583833129876199,13.696836265819362,33692.75600379726
2025-12-24,26142.1,26351.9,26083.41315146056,26010.821435873757,1,0.929095403525857,-0.07090459647414303,1.7678759292684602e-06,10.819140976002643,-153.28365104619434,1.729800990564751,10.676666666666666,-2.126666666666667,0.19274312267852747,0.21706283619154418,0.008025369040742822,-0.0013389540114184806,-0.0015496650601678486,13.103458022847258,35287.01703760283
2025-12-26,26042.3,26234.5,26069.708767640375,26014.756256389537,1,0.9229537314846872,-0.07704626851531277,1.94914917876734e-06,11.141274371294962,-167.70918559182633,1.7622653029739173,10.676666666666666,-2.126666666666667,0.19274312267852747,0.21706283619154418,0.007380300511091598,-0.003817596903079701,-0.004455086729989177,11.97921390964252,38756.72841490919
2025-12-29,25942.1,26121.3,26027.17251176025,26005.674224340844,1,0.9125732579861208,-0.08742674201387918,2.2607202148085345e-06,11.620804918601069,-193.01610934787382,1.8051702893480215,10.676666666666666,-2.126666666666667,0.19274312267852747,0.21706283619154418,0.006907690587886129,-0.0038475864266981352,-0.004314928815109864,10.43814783629073,44779.02566479748
2025-12-30,25938.85,26118.8,25997.731674506835,25997.32119629824,1,0.9087627650404071,-0.09123723495959285,2.375226658401378e-06,11.785436237779532,-202.7388376200879,1.8186310363743345,10.676666666666666,-2.126666666666667,0.19274312267852747,0.21706283619154418,0.006937470242512707,-0.0001252789866664772,-9.570733462727077e-05,9.960437374531132,47041.20840986984
2025-12-31,26129.6,26296.3,26041.687783004556,26013.85604676096,1,0.9047584977256502,-0.0952415022743498,2.4785860173852995e-06,12.03412225838236,-214.6810347031757,1.8440776599929187,10.676666666666666,-2.126666666666667,0.19274312267852747,0.21706283619154418,0.006379737921743951,0.00735383411369428,0.006795871173254531,9.499624387690044,49449.220473170244
2026-01-01,26146.55,26290.4,26076.641855336373,26030.44279091584,1,0.9005478153033748,-0.09945218469662515,2.605562043670964e-06,12.197889331320823,-225.9684337257283,1.8554571713937704,10.676666666666666,-2.126666666666667,0.19274312267852747,0.21706283619154418,0.005501681866250124,0.0006486896087196659,-0.00022436616558219047,9.055083285002329,52016.18591112161
2026-01-02,26328.55,26455.4,26160.611236890916,26067.70619205136,1,0.8961169190978582,-0.10388308090214182,2.7238888754203755e-06,12.432670248356485,-239.5267013405146,1.876518072232758,10.676666666666666,-2.126666666666667,0.19274312267852747,0.21706283619154418,0.004817963769368316,0.0069607653782239876,0.006276055137997227,8.62620660954408,54756.92112336648
2026-01-05,26250.3,26331.3,26190.50749126061,26090.53041804494,1,0.8813441886943356,-0.11865581130566444,3.203260514287615e-06,12.78982553045308,-279.9938960573042,1.8804474291659021,10.676666666666666,-2.126666666666667,0.19274312267852747,0.21706283619154418,0.003085679020811191,-0.0029720588486642496,-0.004690913764297755,7.427737242670235,64202.09860379637
2026-01-06,26178.7,26285.1,26186.57166084041,26101.55161578932,1,0.8758653248669725,-0.12413467513302745,3.3936261273147575e-06,12.863542298088843,-295.0118331204576,1.8726919356265117,10.676666666666666,-2.126666666666667,0.19274312267852747,0.21706283619154418,0.004064372944416561,-0.0027275878751861216,-0.001754565858882784,7.055766842974068,67832.02212567662
2026-01-07,26140.75,26235.3,26171.29777389361,26106.451413815656,1,0.8700734270442927,-0.12992657295570725,3.5947817108873477e-06,12.939566991884957,-311.5867213282508,1.8639834562532318,10.676666666666666,-2.126666666666667,0.19274312267852747,0.21706283619154418,0.003616958197450313,-0.0014496518161711824,-0.001894609493591437,6.696654943257111,71748.5717087389
2026-01-08,25876.85,25985.6,26073.148515929075,26077.751237088698,-1,0.8639433038945435,-0.13605669610545645,3.845928471458349e-06,12.887205602070264,-326.6516503094712,1.8355686899762957,10.676666666666666,-2.126666666666667,0.19274312267852747,0.21706283619154418,0.00420259807511347,-0.010095349215305638,-0.009517710870468488,6.349877136696808,75986.30105858261
2026-01-09,25683.3,25788.3,25943.199010619384,26028.44483245261,-1,0.8574466452954992,-0.14255335470450076,4.1094734687696625e-06,12.851134598730873,-343.8258955334546,1.808321407006806,10.676666666666666,-2.126666666666667,0.19274312267852747,0.21706283619154418,0.004088259686255271,-0.007479658459201954,-0.007592666707714968,6.014917341460695,80586.01837069358
2026-01-12,25790.25,25876.0,25892.21600707959,25998.670478396034,-1,0.8354142392757044,-0.16458576072429565,4.930870722712423e-06,12.95707928837862,-415.9594139414247,1.7469381293405686,10.676666666666666,-2.126666666666667,0.19274312267852747,0.21706283619154418,0.0033248999137270867,0.004164184509000135,0.0034007670144988733,5.075859756027989,97096.11678051516
2026-01-13,25732.3,25790.8,25838.910671386395,25965.37416859653,-1,0.8270820183119449,-0.1729179816880551,5.280390252628561e-06,12.89235944095255,-443.43119239685643,1.7091162468917562,10.676666666666666,-2.126666666666667,0.19274312267852747,0.21706283619154418,0.002273407351849621,-0.002246973177848277,-0.0032926263719277316,4.783088550061873,103745.03452367093
2026-01-14,25665.6,25719.0,25781.14044759093,25927.902397521964,-1,0.8181679777579343,-0.18183202224206574,5.671127266739962e-06,12.790771058990273,-473.7627945578425,1.664467727789082,10.676666666666666,-2.126666666666667,0.19274312267852747,0.21706283619154418,0.0020806059472602027,-0.0025920729977498835,-0.0027839384586751947,4.499581359045437,111133.12018583909
